tSNE1,tSNE2
33.84210458056069,16.740356128169584
-34.36462337807356,-11.31967171732397
-15.984230129487619,34.62967108911261
-32.63711872564239,27.56566214860838
18.961259653769503,-30.962740814517666
-14.670567806349206,-19.168127340680282
31.84165635926615,17.244984383031337
38.18752163300811,5.381304473921194
-17.531174064459154,14.886707378432595
-17.06495157796496,-23.01400464513453
25.968642284157053,-21.643974736837798
32.790659579497714,-7.133997207814704
36.38804726984639,15.034147575027081
2.422991498705023,-12.60136899781378
19.49730368078948,-40.15474517041044
13.572193622130062,35.603037283144225
18.95109352128458,-24.717010097327957
-32.88292105729545,26.62501335743431
-5.292467139508091,-24.437964263015964
-7.530822884561671,10.868742378750955
-28.463453971491933,-16.675504550274404
-1.9132300033195553,-32.46464173861739
33.14850231854157,-27.512008383462277
-19.994103663831307,31.19855427581542
23.607756205229457,-0.7096856813813813
-9.173542331824349,-28.502487857641626
-27.11884795849923,36.423370645474265
-3.779066255991453,-15.850327597745949
-11.775597216231732,-20.01953440476323
-12.877287293517822,36.272980641372136
-15.011858828117695,-30.57215416057574
33.93065426961811,-30.865398182567304
-39.76200794425841,-11.408323331309123
2.05766977979305,-13.629324700221211
-17.401237070746838,-7.874092189056207
-24.59705645852166,26.98573536146875
17.625454437705564,-24.850402644114364
24.392268672094634,-12.80891949495738
21.807836177723885,-13.707577028688306
32.618043985817955,9.069649277927402
0.9600353521014737,39.45889524157674
-30.189267963166422,0.3750226966924015
20.463999183061766,12.278648867327837
8.351314094421891,32.31846406511624
25.974996607402755,-21.947399230186754
-33.0234254973444,0.04363220857370112
28.23711246774658,-13.920126056509103
-32.84728240085468,20.066641281586588
-19.97757651904042,5.458216700609053
2.2757641813913696,-33.072115248493596
-2.9642779043067757,34.69748383501314
-27.328912854821866,-23.06607626432681
21.22427991255249,-22.62269089937999
-13.575186609175685,18.251510321380046
-14.160019617130565,-1.143528337082351
-5.431805189071385,12.795836665925624
-13.86054998542783,17.888707628079874
-22.57936553403198,39.69936821993213
11.672384889930365,-4.326557267563002
-11.135883664265178,-17.44567193787234
11.522554539756023,-0.45107773195217166
-4.491526542331969,24.814542266419384
-3.278807924588672,0.3841457081518183
20.633276233995073,-23.275379029856214
16.50381243008919,-31.731024542904485
29.366318262358124,4.7907011975912335
21.270726048319727,24.43625385744304
21.76076694987775,11.97119732280754
-5.937618228597646,-17.98021158529452
-24.881484014076076,25.78869800599012
-32.004249437635515,-0.6954317390946403
13.251113798950687,-0.8315997414994579
-10.453784525851392,-14.675629797555986
1.708442549791805,39.68366456618647
13.56081386471136,22.96198939237199
-30.77111749132414,-12.162787889967788
-13.537578290897136,-17.550507894829163
34.39052720825252,15.843274040916521
-7.108860630941659,22.628483578045824
12.325125470882826,11.818534879166144
-33.358601648254165,5.661191735006788
28.23586733312179,-30.17592537753548
-16.1241044385025,26.199032203736483
-22.80753547338558,-15.872377611905637
-0.005285668689238437,0.3820816672018921
-20.877339912418023,-5.528387733838482
-28.324105530821047,29.06610622526481
8.401873235236295,31.752883274297698
-6.499174738148517,37.00954882334166
-4.681069763111907,37.093231620674125
7.539894471332337,10.840712689828731
33.42563307773066,-8.392205817348225
-25.438407969979348,41.811378400199956
18.184738470771762,-35.39218002526935
-9.13253616995006,21.218468720289373
-16.453406158608157,-11.278509946546308
26.823707264228446,-19.074405303127502
-12.488011366246056,-8.995098575788164
9.06162937846615,-14.4872805363496
1.3277461049751056,-21.389961860438113
-25.584821234099262,40.86636526527157
33.572313434646205,1.2930582981910979
5.654312492958433,-16.806497494956023
18.01315123427269,22.62447317600839
20.941634039778428,-14.959829314741715
16.83372155381116,18.655595024396433
5.999569950288306,29.429056096025985
25.769724083752052,-11.778496097071107
29.74996764912543,-19.622666102025363
7.104293530311028,19.18510947771373
-6.11846620280893,-15.273532057686303
5.825636406293789,37.32510730619822
35.86568394509252,15.304774240560558
5.947556698339931,26.67013791129148
12.684410284682057,22.6261600403089
35.47341661332707,-5.469881679565297
-28.69865418281763,22.236822434626706
-15.962625571271905,25.239198847564243
31.930144711675922,0.8307398538121348
-25.550134762816985,3.635128244653018
-0.10421001923715646,-12.14847485177055
-7.961176180058914,-30.19431749526282
-14.706524642416003,-19.061157921037257
-12.006458995133178,31.134604276857008
18.305823725691713,-5.7319843261637855
-16.15986175446665,32.267750122278095
-15.08494984280619,44.572851641856175
32.689776157621715,-31.8674384527614
-40.578671857879634,-11.939509680365127
31.262622865203394,15.38647501006797
10.607808295960757,32.62717631634091
2.8627025154741297,-13.78208924724806
8.86261902795646,5.800821571951698
35.59856452169025,-5.692625231460448
23.611084312085826,-0.5496572252060656
38.70083089254034,14.461970938260936
23.31472365262566,-37.41866084630287
-23.040288901738972,-7.273027874471662
-36.77923602474303,-0.8599040339616999
-22.492884836631852,29.98894864546247
25.49065934869127,-33.94267847404133
-29.24543434011655,3.383884094835773
-22.99817543397332,-12.953469595501714
6.730758530970985,18.50900668688553
33.96151010040272,9.353248685326157
-17.777265474195563,34.27898829034484
12.800263003084401,-6.6480268830851905
8.797578078217953,33.1337317528948
-20.479290733266602,41.2041141503086
-14.480809926112084,-30.588484302004357
-0.5681079629224345,0.31449878492694083
18.67653932424939,-41.71232011696848
-25.856320021893886,25.3130386378273
24.53617279339933,-12.802710400794432
21.119822624061953,-22.50117690673002
-40.400969277694216,-10.993518018637381
-36.179624931609474,16.889725818251055
-28.222524422610118,16.71539973726073
-10.598578315918981,-15.087620450314542
-5.602620480984293,-18.941634187027496
23.28615113810703,17.956159044268592
5.052382853629422,37.09413078959797
32.10756027246167,15.28575917128449
11.16948322106592,-4.941656835126526
-2.345567248894762,-0.1750852006591973
-32.863228832723856,-15.383668397023731
11.604677997608254,12.215314648259962
-3.178326201858649,-39.23365322331319
4.118684152666235,7.2677391414576515
-6.590108463677357,-38.04327924780619
26.805672387207508,-0.31353550511138295
-6.027001810424588,-36.41155890306295
-25.83204764419007,-16.871375447957895
-20.963436206037635,-6.724107235868739
-28.92649488999506,2.5792529235282267
10.101843537945024,-13.707536399174275
32.72599186595508,-8.76826668484951
-4.474267021313803,33.9871462957023
3.510600378163478,-10.091582169885525
-26.45161260636337,37.221598641482665
-21.445392979701495,5.22695204260363
18.568700787328858,-34.93496664855654
-26.42716816045252,-8.141087413015075
11.355952063896401,-18.855033382021766
23.79503041306836,-12.091427306027585
-27.978538452486983,-22.588103651036224
16.59764754829133,-4.3462859282405555
-26.51159740007961,23.638892844596217
-32.848924956929785,26.707863215262815
5.6614438408371415,-16.81809843433634
-26.37401926782782,1.2752736860778326
19.07305650278924,2.7280089442807602
33.12249893562778,-27.526766248604208
-18.93997750634715,-20.304219631227216
12.801562665469202,-6.667411246214337
-36.13021335440205,16.493229887600222
-23.0950956070009,-14.85169854635977
-2.9890304237489067,34.94119115566723
20.14549408850842,22.582526205401415
10.817671726565235,6.418658719638514
40.3918659373935,12.785666990420312
19.37456588847059,-40.56878905929666
28.932139953665857,-22.92673886652974
-5.081666842547929,31.496085748422907
4.730743254283197,-2.0704099240224236
22.254708748282994,-2.225836382598164
-31.35796177761602,22.173642877211012
-8.041848674322843,22.887908354093007
-3.1101287301856666,-24.075591512011275
25.793212330080614,-11.966942191831063
14.15727714401913,18.20076724754619
15.771779468489509,-38.76968295019521
22.40112116550537,-28.68794358170053
31.993113360571943,16.84894391385782
13.907196382516972,37.46426517586481
-6.945392097605093,-29.110022298438185
-17.953581009175984,24.842609089145334
23.85691300960818,7.250595789853657
31.121992561543085,14.929186323768038
29.160956647052533,-28.592227534154055
-6.0668188435637935,12.755960912489007
-21.88644133570011,42.60491577749221
-17.902836225880364,-1.6751907310150513
-11.427818105435856,-17.371872499418913
7.488140605687336,-15.467794552000647
-27.467673574161946,16.951415169204616
3.8292609409526217,28.111850717564707
17.018695028923986,-42.94086052380798
-18.155428236428065,-0.773574275244276
-3.697077525479672,-13.110951797146788
21.862272258821022,5.017681619231059
-21.54592081308992,-23.173631300031055
-10.538343200225633,-7.732020936665843
-27.727967282189876,39.236146737016696
19.70180057450367,-29.09786112979134
-17.70657550086686,24.227163676657664
17.89452772655139,-11.033611697278278
-4.8814863291209685,-38.62125684261447
11.92245692558698,-40.959286279174535
33.956750988746514,-29.954196555155793
23.361724645888117,-21.576376312179146
1.7305522448938009,12.945885889784174
2.748083143368756,9.41605484535044
2.707694853363814,-13.814319555383394
-42.39986628043747,-10.654317594155353
-28.67615738112123,2.2905139026925743
5.720034498059656,18.14359030147494
15.022584215045866,-24.026009644641526
20.051096853397453,25.57650991407398
34.62593263840731,-25.63862603561599
1.412476914205361,35.6507190708972
22.218194294871886,-6.1254975214159675
29.829704443000995,-28.443739468538237
-7.011829419752716,-11.414212233342305
15.17426303554688,-5.119704604795825
-29.21755242850258,-12.31515540747435
-25.76033847239887,39.51850753254066
-8.825699576796696,20.91986235218445
-15.500576570519035,-10.53957178376412
-8.334440927791139,-4.392873827636573
22.02873815230017,-2.3477883113532774
-28.794188268514088,-10.412827304429554
-17.413928633540277,-7.348506847340712
17.994876146302317,4.149943041330083
-37.79431120593661,3.89367674060228
-14.707834652093942,-10.201316859766427
15.840570300488869,-21.32773925211261
-11.903351149163168,-29.86468181551084
-29.111704799384142,-13.890674586237212
35.82292156006568,-6.701709216585887
27.24368683959313,7.893790602431789
30.664974570937606,-26.499338634484168
-16.61196003718113,-30.629139618600266
-3.104373328040269,23.014659824637214
-3.444024812763287,7.476428091938852
-17.663136397246024,21.8460092797414
0.2787504869213554,-14.128799337216265
12.355290445070656,-41.128826254197946
-36.775235299185866,-12.374817879565505
12.404901654619973,21.355072854397033
-29.75443243499754,1.0972713416729896
-25.95482380647417,-17.039601442268054
-11.657654598573723,-8.069372304651836
-8.929203690207817,-4.377058515119292
-1.2367077895791287,-39.848219521459825
3.85916576174969,-32.13724779919424
31.75382831650775,8.396696599052888
19.98893765404737,24.559182976335094
-16.06056485093069,15.192762707008523
-11.126265788820998,-5.2429008075919565
-25.734801149938175,3.3848761868860304
5.773739198536127,26.19549152913308
24.866591270483482,-35.79016121424522
3.898580031268323,-37.77770193493157
17.13345646639943,-42.33274237739552
21.60048356667712,-29.065977530004066
-6.264240824430238,34.96710826518057
-6.115750509436395,-16.66926354230657
-0.7836820070970912,23.374568639019955
12.081426482238884,-40.92961304977454
32.98772412675155,8.930336524167558
19.369660474155644,9.58897139828064
16.490170746505882,-10.329438224254647
33.356454394773465,-11.273428174575393
2.8959091361114826,39.64560335656042
15.47608225756179,-20.899021005633056
4.1758125709826315,-31.921506309196683
-32.24712552157562,21.20208552692245
-16.141738835260117,34.37307655438678
-12.673042808512424,-17.715899049684772
-8.631630653669633,22.497730109840624
10.881068715517323,-0.6738331507128741
-5.531311165978316,34.32741398107223
19.10270559803613,1.3879011889182873
15.225018794651001,-27.14062911002836
-12.64147880151356,-17.88605926690468
32.45991436781649,-13.645271547515685
-7.387396207067872,-4.299760903469006
-3.115671596953662,7.715176397274969
11.578950428293817,6.606483680256385
2.0645904225510723,-33.33195198838224
-16.846890973080573,22.051794801305782
-17.422131090262553,43.74924957127754
17.190949286532376,-32.198711559569425
7.396543517150849,17.653835717035207
5.385570195427114,-31.4097164705105
16.22397356653823,2.8898111036569283
-37.055523542891734,3.484639651566403
-11.631815820120982,-5.923688300566089
-12.102602265912711,33.80622336867148
-4.754669708828312,-0.7098485418056979
34.941113743431906,9.622373029199911
11.052674837988311,-20.837560475646633
19.167638028414387,-24.560260002380293
14.310638862972754,35.39453613009937
19.413336690047018,23.211578189182454
19.252648304986366,1.6423373390318938
34.92637730731297,-25.366798833034082
-17.62681932035021,34.967718664322256
14.656619987128707,-10.838996580465695
3.937909189795745,-31.309750903542657
-9.155827888788304,-26.747038092399645
30.65295221223716,-26.78172077946214
29.02350477334285,-29.34146492551621
-17.291344399120973,-25.36377698717266
-24.660160891979025,27.02546716988217
21.867605455389697,12.679809770205859
-28.060133271921316,16.732126985386717
3.3067444065696434,12.854896084046942
-6.747715001927283,-23.788057680110132
20.286741990133457,26.305185947802595
14.858910299709919,5.254220796290804
-1.3933252162277538,7.322748118110971
5.513263768442303,17.962848659822296
-9.858339180221742,19.511016260596417
-6.330333371215338,-34.38697082644363
24.949624300926278,-35.68394576394567
-19.023272186106656,-8.138762305889655
-20.27310258285426,25.05180758105187
24.523910259250744,-0.7040145773746345
-6.8855464592827405,11.003258854302823
-1.9176453082112532,8.506160611976613
-28.905074941398908,-18.787649496352426
36.90723636281944,14.764376792194122
-22.61471730213045,5.476193651910935
3.404819522098842,40.342106974520334
36.357979159714915,9.211930065039068
21.78077725263258,-22.218445758016323
14.158697152301245,18.132257031608415
6.6846474544766705,9.861878317555862
-23.943446270142907,38.33728427235527
40.32113223408982,12.779130948417292
30.60041731011993,-22.68451472094387
16.492513586427748,-5.16146151156892
-13.135201296741773,15.28979456594752
-27.307226019092568,30.449457797413384
-3.767643707146989,-12.410541978537601
7.2352666866554145,6.564636493874308
-19.218379105364576,5.38206201682635
-16.875598728226603,-23.051850113121585
0.20624581286556637,8.047034653795365
12.412157391882994,-40.5698862837202
-26.17442173361165,2.8957880588959326
8.416220375649681,-14.92215922895171
13.926314462878903,23.0188654654138
33.431062791768284,-2.478698708775252
22.94382577612761,-13.145702749905972
5.59307797457765,37.36849631104523
40.80333061028927,13.662270415400826
3.7398538712236986,-21.41760120534086
0.3846214400817736,35.14612017816962
-41.42010902228938,-12.354683860317326
21.480667702511766,-2.5967603242203254
19.337017345907924,-6.943078638670778
-16.529311170716863,-10.984644392667391
26.161234540587767,7.214127130708091
28.98726049690259,8.461054615714437
38.66420361903523,4.7284054921871235
3.579039576512288,-9.893239146451654
3.3833098589300215,-32.65405802417178
-9.725670629734175,-26.115771934443053
-10.577908847241375,-7.5327586283509556
35.04479232428506,15.126424747454495
33.658716524582935,-26.935242619132282
19.903105082521567,24.0283116063448
9.96864980947826,7.510517359324436
4.626207710682653,25.45059033616202
15.917556439713609,-28.10303842815122
3.2659035442445843,-8.945870266715993
15.540588519088484,-40.48717393854455
-34.36453603078715,19.033404408625504
-37.79793855609502,4.33724715362847
-11.371237276307982,-17.531457989081797
-28.487507237254587,0.7254182842450413
10.709963947241084,-0.5376849338290582
-11.18202475310259,34.65466990523259
34.55867095282267,1.9370213622785442
-24.572099484195977,16.16105829863351
1.4594076605837385,15.47878828606783
-19.68580304082863,39.305131832205646
-6.738431183454921,-38.159542060284906
-0.3634069743456233,6.9598410143770755
21.752954794701342,-13.84547563675546
3.8312849198410173,7.058217373721575
-2.628502118393562,-38.744569845861484
-40.263216381273246,-11.937618712303246
-16.252906381847474,42.55546866639354
13.777260619411628,23.097260792624414
-5.4446070723925875,-24.94814256951955
-27.2736447225857,37.074692784175426
24.883002056927676,-34.610663226148425
24.245334830111084,-11.579326346146386
-8.282868255414073,-15.719088746640514
1.149809303452074,-28.413483198036037
-8.882854863789424,-0.6926551928065298
-17.29164713019274,-25.313945827081557
35.49464698050861,-28.953684420743368
-15.921757436352479,-31.51034955347978
-27.41438025207472,-23.044821405052183
-8.765143807559538,10.517434145990668
-11.168517469505549,-0.4100239101819859
-5.154249403578676,35.14316933380798
-15.32536136617478,24.86992260170541
17.51554976096187,19.37561875690785
-19.934271529364562,39.35926643050592
23.384169926900267,18.188485018316854
-35.992518115341035,-11.653344782837937
-7.922145620419957,-4.455921737953347
-14.728112485212273,-21.434926400049022
-20.487348590560593,41.05743249561431
12.52479468200559,-21.108917193351356
-20.670215364051927,-5.125539685966303
-39.844028483376526,-4.041698105151734
22.308315320403786,-13.493470569343529
19.524598677082366,-40.05749599556547
-6.501559618589878,-19.783930864378405
-32.46016057531442,-10.396135099979317
-2.7974954949598634,-32.07090365251869
6.025531466309793,-16.735040832790066
-25.38338390077634,10.17301235566196
5.427866746048846,-37.001215724068096
21.89682418442486,-13.68725690225289
-41.59336732816964,-11.157145783718248
26.493558053027904,-18.599037496581712
17.369381883038844,21.791071569870585
-33.240424429026376,20.61521100117299
2.020034643232703,-13.204432667083452
16.970078326070222,-10.571005740994824
16.793931156684188,-45.211005907900045
3.3543383148481416,-9.712809298895225
-41.33038206955361,-11.268925674551339
-36.62527278574439,17.695205683031954
12.433865820803387,11.812834799868083
1.2255553528157421,35.030529379655626
26.729110465136028,-32.371208650116245
33.7972356030443,15.027455331276142
14.295906943902684,0.26081604450758
8.552826170304021,-22.286741899018686
-18.47757527316569,26.79004745551822
0.0016461020889415967,23.332055340905384
-6.793258109852478,37.231575124220946
4.782277107378855,-28.476441005696884
-25.924404893016302,8.956122265224941
-6.70222243446193,-35.524665642106754
5.824620380060131,28.92161797027103
-27.604091062878688,28.140431559182726
-16.521144191792086,-30.840049884507724
13.804745778293649,-0.7330773106413759
-34.404447136091626,-11.360011358616918
30.123727555209843,-26.235739548344352
12.32790065711933,21.34285687326852
13.020885509426945,34.08951888181662
-25.120429639599053,36.8170541251374
32.20443762331984,-8.053363545198279
-28.209873362103167,16.34859100705942
1.4470106173855506,-38.365187353185696
14.447542591286988,0.5119893471269149
-4.941931273925794,21.353998705645143
32.5819568306406,-32.6992587154024
-6.252827153166543,22.508978103380265
-17.35406154144604,-25.747681837189006
-14.51510135086147,-31.017901268976278
-2.595161186472144,7.991139050294638
-11.85273145109516,33.541599310560215
-27.10791475099917,-8.046267296870784
25.45078554875238,-34.077505104659906
-22.141883439439265,39.898163767497515
12.764200316668552,-2.545384084940891
-23.975247016505914,42.00587192986189
2.4086859725684966,-12.802508967605162
-37.88832012667943,-3.711264691907103
16.369013146006544,-31.356498896477543
35.927492409605144,-4.913000443148224
-28.994172511212458,16.28151440296595
-7.501109005271247,21.93124861640363
-30.63390237956907,-12.925939505831524
1.202467864019785,-14.575570326958276
38.1563812622313,14.397375511590464
34.08896014491873,-26.435779242262814
5.996312219662213,-26.540328057887873
-17.904403294090876,-0.8926502796587895
14.485808352615402,10.549331876620725
20.34893356444289,12.973565379681396
-16.206498576722584,42.50238823235024
8.991540820471014,-21.938790308923213
-13.749213350654836,44.10106360170299
18.362753583314962,-43.616848609711575
-35.55552350723388,17.41923943940175
-1.6460684132064398,7.531854736680663
-36.32809847164803,16.896456545388013
11.469148846294486,-4.804591892402547
-28.96137811472949,28.256749946204422
23.341289495599856,18.207600217026453
22.71357416248049,-13.566022957069844
13.714530696879939,10.373794127038824
6.168674803091377,29.329115374151517
19.02413081508735,0.8005829031640068
-3.0335702795460353,-24.079695762905846
13.000816174591217,-41.49488307133055
19.354244724118686,1.8004980136150628
0.29219685397491824,-2.534999551016273
9.809768302199906,-5.056733170422152
32.19619348058117,-8.644489507899818
-0.26615306671938005,-0.884844446788638
-31.32570696565266,-10.020110851780277
-29.051018177150763,3.943375107090718
12.031146557551944,-0.06418890622253622
13.902645131931719,37.471241328660085
-28.966834675483966,16.24211014135982
-0.3536600191370126,-1.0017723123176285
29.286503241619684,-21.59144457813676
-26.346685649096028,2.2721981515937153
34.40833496682844,15.76759883540401
-32.13867904982967,14.834256495850472
-9.369200820065892,-26.539147836658266
-5.576598383665462,34.02627298339625
-11.118020479958302,-27.6751619005924
-14.4727471035857,42.80625590997712
-21.497304788816468,-4.804750746124985
-16.062768955496864,-10.74248080517264
-24.89782206999212,41.3314541606912
0.4998893528866783,35.747077473745406
-15.981552619820839,15.199537935199862
14.132734241049244,-0.6203226774008833
-8.60158759180906,28.89822563346303
-21.351985540916363,4.760394882939289
-6.524023500242217,13.102141213194338
25.87674667197983,-34.77023672390569
-38.766947557905496,-2.6189593170852437
-10.743130938625328,-17.597838814283723
-26.31492998299024,8.504785220463164
-3.0132245885270104,-38.86213872771319
-31.39689918311323,-10.75483434604627
-24.626775424792335,16.215633271971555
28.024473513188184,-13.899874745697257
39.597413340493915,15.051406182898216
1.9783687843167814,-33.310472358795565
-26.423782791556366,-17.379260040889168
-15.659921344611098,-30.74951920523155
11.53877113789472,-0.9618101433684052
21.820921227634308,-29.07180493858996
27.79827397645434,6.8340248215144435
-41.798089657601096,-6.780105055106475
-22.787102998512598,-15.10135602886453
26.383716739308248,-33.800890866076635
-21.996086106858932,-6.785794218582963
4.366553658613476,-2.72648511314444
9.594371094037927,29.42883379033407
-34.3823298128812,19.035019535656772
2.379997299352581,39.715921678964165
37.784282357946054,7.3862076048751675
-29.91673033280153,-18.444977419416734
-8.121820427221076,-0.8946763153643867
-27.707547608970053,-7.385653412110309
-25.197118006692264,10.358903782071916
-23.24984050310558,-7.297431018817719
-13.010001562239843,14.945274144488188
16.201395649236773,21.327299056081017
19.907627268067095,10.315377868718334
-5.660258881860145,-18.649829294894577
-35.34503193675542,-11.737950614601852
-8.089407984510942,-0.8599670570440316
33.02868692674097,-31.283450058965883
28.98691024879616,-29.594514437569043
-2.7683715611914304,-31.82999990009058
-6.083174127201646,-36.89561093125425
-26.954410884841334,-8.567078395030158
1.480735448806404,7.275891281007672
-40.45860005973702,-11.628955819983437
-3.1566756401205796,-38.787546773619646
34.539664681469766,-25.90116491081322
-13.982949866826297,36.553935990349885
32.25579901637116,-9.122933282365182
2.775658198655006,19.89280637899813
-41.73158252398046,-6.493325022544573
-29.751796876105043,-9.463560702810822
12.61167979893256,-11.91967610315972
-31.09987337814577,-18.377804935217423
-24.43946171396413,-23.649853753595053
-24.755527643598867,-23.345116274151323
-4.8408507607337015,-10.709092838104995
-13.097147759233728,-0.6576220155576994
-12.129112005751074,31.330072096423628
-5.58121497602366,13.510599840956912
25.689494155089786,-34.93524097064048
8.353761254595886,18.329511052507314
23.41721980761689,-37.38934536167512
-6.871934648876606,-0.8077951991814432
18.144007103983583,-4.530545975534171
-5.414557112627972,-18.708413261662646
-8.551143584046526,20.414692074018955
36.247199649104196,8.318724641681582
1.788600946776858,-20.85468019331303
12.960581248450106,10.19320604703607
-32.56317069012067,21.70584377322237
12.347953452421581,-20.971207067402926
2.1608630727803897,-27.75273974722064
-2.6576000765899215,-38.68656213926309
11.286592897226207,-1.031868764986293
-32.37819442648572,14.918431573453333
26.965912454690148,-18.855086507110823
-32.777546264881316,1.0310853584039608
19.436786780874474,-5.6860148199625815
-5.923592812170989,12.183596145107447
23.215067489051595,13.589373058820781
-24.2144388436729,17.235424250903428
-14.107462648692566,43.78658950986869
0.5660309239194798,-38.356705626507804
-13.281194630649685,-17.48757174052212
-18.409848943263118,-22.426521801823608
-21.836785947154922,-13.76127934518086
-24.617072868980397,-23.971348736120763
-3.4410215959337216,14.880925303552315
-6.736842647666485,22.635796849503407
18.26642816016085,-4.361081506055556
28.948502468208435,-20.362655951807323
25.632427832213136,-33.02322801193726
-11.052617642354868,-20.668345845544714
19.463103289232752,-4.052501624831048
13.139192062072583,37.00579727238632
-5.943800476291794,-25.660331767210142
20.771837456551363,-23.063002405012014
-13.758867947951869,15.246561028327038
-13.603806978450132,-29.441724702939077
-23.795104101028667,-14.1757691725546
27.758823978275213,-13.937549160138532
29.173757756505598,8.369933537892576
-31.917743544187854,21.533254300136132
-28.88574282159553,0.7454920502069509
1.7612766984393098,-15.805451352460395
22.14622458321749,-6.37691031058243
1.3346767201590406,-38.37160413051546
-37.155649035796664,-12.485901432010369
24.12054193507898,-0.5903449603408089
-22.310690771250723,-23.813657161544953
-23.905580313863002,4.257127156009476
-9.844896982499487,-4.695029964108258
39.594253318580684,12.317575737505264
25.669741227125325,-35.86703346840335
-3.0891990003621674,-33.280660483325455
-28.40576411806446,38.55000963957478
-27.009645604318116,-7.348225722205539
-5.170777776104956,-10.182734586141873
36.783985259343076,-17.384913802016104
-22.3768814161961,38.532918903338896
-29.699481537819054,-18.574691007114282
7.450256880193954,-1.2284592907013172
24.813380350115448,-12.198814365988596
-17.209218281961476,21.206441789934736
9.936822963819496,32.46875873298066
-31.67539727141548,6.4938192700090145
-29.305292037597653,3.2006472042338827
-4.8735950449402035,-0.7213379817905641
-5.824727401093558,-15.338507832328165
23.621887431075386,14.93175181357365
9.89169432960235,29.90408814024899
12.046918810773873,-19.04607316832092
-5.465858338250218,31.887561846521955
-22.528525584110398,-6.8443040692607715
-25.696291427186946,41.84762893985918
-11.137556069552428,45.0301247016503
-14.613049097394702,-20.7941504421749
-39.98913175426435,-4.159672161257306
40.3140127413493,14.09069565287985
37.86864264175921,8.924835063579538
-27.077929510859036,8.541695065448843
6.879838135853843,-28.203466846242222
-17.675671811565266,34.49643184659932
2.1616200531795027,12.858756518065372
-5.604076046498471,36.05065400954214
28.819028827785182,-29.49225490311952
-18.14580601573223,41.664587496453684
35.483382513431444,2.724756034920041
9.230897799688307,18.762319118285266
-12.47646254757414,-29.941860169104576
-12.510911820310804,-6.043970119132934
-24.041859453272924,38.12613503131425
17.812044698811864,-24.819888970703204
-25.446584813370897,3.769447796758367
33.983425218280644,10.610749855210202
5.024280249512848,11.135653428418875
-32.64797180616802,20.532885002414556
18.050181130350236,-42.657854864657786
-21.409598117595444,4.9685660967288
-13.675930504021611,-29.67799744091644
36.703847124995576,-3.8451063745536915
-27.390250780146868,1.326513697496798
-24.414812194006466,8.600674503581304
-26.74498197830714,37.1274474537391
39.20982233426156,14.722391166441666
-32.36550722229862,0.20680828258642703
-11.978782251129552,-0.5510916125167188
4.969779429624067,-39.03844368630561
18.923542122973583,3.8668165851451337
-24.825558777049082,42.200821801460556
15.483376513274665,-22.121165518021918
-3.750149179995582,-25.682232756337836
-9.526362249725262,17.94757836351321
5.048207651095526,-2.1968964986520625
-6.884503783674389,20.958372747370074
-27.258793736087256,23.288268945943305
-14.385962935135149,-1.295016572321543
-7.269971453281289,-29.020776992820768
-13.0573057240626,-19.98705675599131
-21.01277612669701,40.20764161594135
4.49844729712769,17.64697244000739
18.17849127895516,-24.573853982452157
8.558431535035265,28.693613288984793
8.405405386597637,-36.40666300825546
6.7567966924214575,30.59942766767265
-18.439155471214455,33.24184582096278
-21.955928202611588,-13.795193462176655
-25.47437379203956,37.73911241585937
-7.783184427164527,20.915930510031362
-4.065904961053145,22.425969976436434
12.620014655452604,-2.9343501541295955
-20.581833998327493,-0.5957992173370619
-6.793112419721758,35.71009777651574
7.1175831304358645,18.499506099511134
7.394881539210236,31.426369143577432
-3.1333357173349046,-12.990121109716991
32.402728798670864,-11.708837450925827
-6.156977503874986,36.67647139032111
15.27816669436338,-27.254829823223908
35.34354030661855,2.4765574763011897
-27.30748796594344,30.268241820399947
-5.578550688982499,10.733049343202923
5.166840689606069,-38.61558382307729
6.157978403149436,-27.501429319565492
36.06936809026344,-18.463832190135363
-15.29582293236553,-5.247207182007202
-39.7493684283763,-11.961206194492416
-9.926315591765961,-27.423743232227924
-31.984392753746697,0.7552675239751778
-11.907084967159875,-0.5240673377207563
21.123920593914793,-29.31002082981328
23.199294084005604,6.389277772305178
-8.355159510802864,-15.997320082606056
-42.5656375231422,-3.185037274866644
33.35750854380943,15.21760323320385
-5.469733841684642,-33.86099956091532
-16.22122426172745,-10.890328139303039
19.298098962626664,-40.14977173664014
34.93149697000582,2.3498891403604163
-29.67120301887049,-14.601103022573417
-13.980156519128496,-10.032246880463386
22.20047113412983,-6.149264259520716
21.870767615805597,-23.760635519780774
23.17639794581528,13.226999650452864
2.8451826783231606,-11.511191318972324
9.004284104084077,-14.488354375584214
-2.335397413418833,8.041617955271631
-42.580224495392535,-3.2951468231017653
1.2803067084268813,-15.90197225101007
-27.942508598605414,-15.707365686461829
-30.845951449615807,-17.957568307303845
-5.173394414240394,10.837193185604097
37.68001301598097,16.952853729574098
11.496023170472323,-1.6605132918072585
28.583880549229402,9.00863434458406
24.334442626263996,7.152078744634357
1.7471556730637625,39.68055573844729
-35.6486352699511,17.338536648220746
6.4571417736599646,-37.787391990904254
33.36518064055839,1.2389441436674298
-1.1058774857801508,-39.93051246752672
32.69655781050953,-31.706133025675342
15.941048511519437,-22.281095133366524
37.196997349519634,11.2290553131386
6.700603363577029,17.378770264375394
-16.516415746925656,42.26864449138067
35.326935583360175,-25.103482707339882
7.630693007540836,18.091230691384844
-22.295128323858282,-13.973277795360588
-6.235647744106387,11.993876590008352
9.247300656990738,10.247434601838888
18.078111434316508,-32.12235034518248
18.086676010448304,-43.20032298721377
20.331745276984684,-23.547171846354196
-28.33748497033204,28.262289690997406
-14.141764968046118,-20.47152209792608
-12.347599540911922,-18.768298224205846
23.449547462191518,7.110760907763453
-20.770793602761334,-23.075372340388956
0.8383977411231202,34.699580635090705
-5.263122473069233,35.896228937220734
-32.189218665764145,21.70046118722858
6.984112930802627,-28.16650737399319
-6.435403772294777,34.99293279938669
10.144433201305215,-13.67053773963752
14.665510792083348,5.14573274310578
27.37232764378748,-21.093340977126896
4.199888077833965,36.932369976015416
-15.304810686047487,26.452561716701084
0.3944400380186802,35.22780326553821
3.100832904513301,-30.54260930316514
28.960882837240227,-22.82133063409287
30.93704925050211,-26.308801449166275
-28.836246798785638,-7.451144815954032
-9.297214183915685,-14.729086829381684
-26.717534642856172,29.046490814670484
-11.210326643173723,34.71573222422529
-7.048273449533779,-28.62326095098453
-5.907735854456194,13.242450748866196
-38.71863926435341,-3.003391989665007
-7.082956602769741,22.107672099639473
32.226074028029295,-20.8131272852802
-7.059952882608621,-0.8399419084203185
32.192566580849864,-14.150927383326863
-36.36623234842503,4.820393714209023
34.146617441016645,-26.223042507835977
-31.89063183718111,14.93089920023527
-17.91190169575296,34.002601219643395
20.21005185415098,24.429605188335984
14.52568592119915,10.86195117783214
-0.08210763070648817,-12.006528510961992
-20.00442203879168,31.14769357527655
-12.450728430222659,-12.925547650842285
13.86394078311951,-11.216027805371455
-2.6096544343435797,23.492203912053707
31.344002185309478,7.5396770438111105
14.55964787846807,-38.65094689349831
-27.980455068014898,-15.782305614712671
-22.643064516432016,38.23037263964379
-28.33304274134639,-17.50395030211215
3.1523973861508368,-10.432904507125585
-10.987454636145078,-5.542202066925583
8.638387395366355,-6.983167716549204
9.734457069904229,29.775926294827297
-29.3508498956742,37.82962096649457
-6.0921243217183445,-17.583289407243704
-11.687112930139655,20.103314746579855
22.37113671218865,-13.101896702244227
-20.488723644498318,-5.16855720318853
-16.806459638223057,-22.883075798724406
-12.140436987685359,16.77037233802672
-27.491311759176725,0.9796257273424677
22.82299779471194,-27.10912827212658
-28.46006284299129,29.148832549179854
-34.55897558451459,18.85874097747063
-20.980640949032114,42.87713441315121
16.886558121721407,19.34530253319794
-26.798944930784234,22.77953195264261
29.570956148534968,-13.875193106268961
-26.396947423225747,22.88809283129557
25.062967162014036,-33.440755618155144
-0.0846393187793511,39.627784993023596
6.634646627811935,-16.399254867029292
1.4644530300367928,-16.161611220026284
-39.25618109688427,-3.9242574807253634
-35.135461911376034,-11.917564587714613
-12.796603183012932,-30.261659633480182
-12.298588349293496,33.25960724339217
3.65773515449246,13.009015977315096
3.065912134524568,-4.088891380499099
26.22302188702706,7.755970294398562
1.566844622769013,7.0395650138287795
-15.55380948852212,24.649895147346896
18.939037749449216,-5.180598732542408
3.0839734107650347,-4.112266104086045
38.206241098956944,5.42788923887843
8.079849435631857,17.929518435176526
33.64660507625416,-31.33117483719259
-8.598200983335175,-30.56918452194975
35.70683331622155,9.5502011142426
15.532965488443603,-38.71402018063604
26.514060854912437,-14.954331219422565
15.438498829787255,-28.407479418914125
8.090793185189808,8.925542676339186
18.02781239498223,-42.256953076513554
16.34563538741065,-31.463369094702408
31.848728336710604,8.960914994836722
19.197604026853014,9.420010995171236
17.823816477800474,-5.606077733250489
14.313762008282222,-11.016925448759244
13.702597690508748,34.76364322037532
6.4312246665686805,-27.634323116575267
-37.015566602418765,-11.940475018111142
-5.432004480701205,-35.82509567196249
-29.982422037613023,37.241236952826924
2.9567037813819237,39.5852188763435
5.689704281103674,16.4027411183426
11.548538934811997,-1.5856376735078501
-23.364624681471447,2.7711714387509083
22.605530644031482,-36.27489752011974
33.505652779147105,-8.060444557033973
-30.100185781535213,2.008831213360624
-9.07023959300137,28.62890913100259
4.593130802616281,27.99546069709594
-22.871493743468697,-23.887326717771302
-32.176980876782764,6.2493952595364775
-31.703399313990243,6.484221456217718
-16.702292490135083,44.30512583836525
23.459906720766746,-36.968067301573036
4.559852068049991,25.50485342855066
-6.3701207107101405,-24.123675715392253
-25.79558079204394,16.504748589622487
38.34088400777918,14.519581544496845
29.964234755849986,-25.828441649226676
12.201305210560948,-20.2830143094796
-14.758600455033516,16.272895868004277
-5.5544847190787845,-18.984704045184913
22.64646914634341,-28.246298348799183
-26.658663037943864,23.431869356729848
40.931817701029644,12.985889387988884
17.59695042244441,-44.58633635723861
13.842646166611635,17.37519726293349
1.8408151227102478,8.335207129671687
32.22476346845725,-20.719296961650432
14.79269524764673,-38.84007463468961
-30.28638737632527,-12.194225517309173
-21.374373834911264,-13.646622765072403
15.000227856067724,5.286845687400299
-22.475968420780397,-6.916245388295538
23.176977604996686,-37.59472984048233
-16.62812495089248,27.091149301633525
-2.8891572805883743,-36.10923562673435
26.530814527965642,-11.934543979921633
25.61951115226481,7.102106832319736
-25.91170378015778,-9.49011491184769
-4.042989808656825,34.03681912847498
24.44625824734677,-36.69685774639093
-24.791309088638837,-24.043209494538175
-41.08568873051564,-5.278414133437234
29.73932074268031,6.622964353152319
-15.473995443250892,24.440247895554986
25.2417617089177,-0.7237048450818492
36.48389555018819,-21.699892677137438
34.333427729785704,10.061866501575702
-16.78049311875018,15.115929525915146
-4.3160104371649926,-17.11496236753018
2.0692885251454727,13.732062847928125
27.176080337234573,-18.84188685230848
-27.592788187983466,-7.488522122813133
5.063703167320118,11.209875973555594
-0.49346147723633155,26.252807333293624
-7.496220828982836,22.047069836017904
32.80378307052971,-21.408844491444615
7.178134307717044,-36.93604097831592
-25.12610574455311,8.624151428838116
27.477135248475694,-21.223212447783432
41.55784063008411,12.718225879568113
-0.032514183301551085,35.85567553832684
7.708478555078153,-0.5851258973026694
-27.475974925797356,28.19193601738973
22.876479991516067,-27.851303437206067
20.329688748605616,11.170029423966083
-29.76320052298226,28.407014584550137
9.508703602337937,33.99957869332586
16.362845304985697,-18.474046956781123
3.707276950928513,-21.424412907479006
2.6754564855612957,8.025707258299743
1.0308991343490952,-1.078440256677015
-21.954980087489133,4.96985707653869
12.615773169973766,-11.916536395205705
-15.313579673688883,-6.76608640429764
-41.95644198282839,-2.2467871705307045
34.33527859261892,-17.144050796831138
-13.118049904586007,44.40473631129193
14.722514879761558,-39.73582951661622
-13.90683399994044,36.23873458952553
0.8400124675372708,-38.35475642298911
7.650795005308983,28.201706138667955
-12.23888553907942,-8.64273246865169
-28.699190592960854,-10.118456261390678
14.70599605625882,5.180728279286828
35.51951055718864,9.85356348513887
17.939337633055075,-43.570191288960174
-19.96616413231812,-4.313340604934518
-32.61495514280646,14.375827029483979
29.073485574791388,8.109435001851324
-24.507152068594422,8.492042260406373
28.39953936395346,-0.1484459008433254
-22.890328453594204,-14.42256367091305
1.5922145606136668,12.756342133389355
30.35626038351795,0.8304580715584386
-16.556924377409175,32.202992365248214
-37.47016815484061,3.4326408630646283
-18.323175525589246,-22.633567543206176
-22.73726358696618,29.822216092806258
32.6670510712966,15.513595168444501
1.6804386950253678,-28.02876646807701
-7.423579803716064,23.1622712859912
3.8054245947075076,24.432613246823784
-15.972522794886112,26.635053652710162
1.456225454254712,15.276686698453863
29.54803663878758,0.102900116817214
6.946397030405858,7.066419413883031
30.94623021054882,1.3188154294146521
-22.68027502281493,-15.581298093168698
-18.230222718426774,-8.58203225954997
-5.359997468416059,32.89018866688688
35.22162778799051,-29.241472659024183
14.577218811486055,-38.861596050384136
-15.889717417020746,15.43389330610835
2.7275317886819175,-21.844091424184743
-15.67447389809841,-6.928742423895105
-34.51439645593535,0.8168409523547436
25.982588323901144,7.229545925571784
35.08755066300701,-20.64117946025114
-31.006687441954547,21.380470314961105
-19.26893083963279,28.29154798327088
19.869746935776032,12.445613612247074
-3.9628795857011614,-26.037467184298936
27.908205350662943,-20.907698177454247
30.321842113307554,-23.2532745835672
2.139390498429058,8.407549129433338
5.314185722705909,-37.780837179807776
35.11714503046169,7.053658182898772
8.61634062955073,-22.20196024534855
3.787878329763182,28.09514499401937
2.9472788228869407,19.98913559089011
1.7990406755987147,-13.698582697581204
33.52269465013239,16.92710853054834
-4.113967487710109,24.859404342377765
-20.449852895416576,25.027938411240246
13.817787395881735,34.95446867499863
-16.327312413446908,-7.2539749274884535
-22.33914676236102,42.35332152073836
-20.864899878311046,40.268269287952464
-16.695691925677288,15.149112718403542
19.564376369512043,-26.47975243850607
-25.980909434574897,-23.27172394965079
2.32276515163106,38.712452316647536
-9.791811239048606,20.666164536580194
0.3601225991308776,36.858146013676645
-41.1745139202915,-5.07568008634675
19.28383877304788,9.531762732840411
0.3386378972149358,-29.13886235708046
-10.114221752860043,17.94991559390499
11.283605116018023,-41.29362043507124
4.5064849773559335,17.627200191573568
36.39664372230664,3.2926443416552904
-21.221071187843574,4.602791406812568
-29.132920930392654,-11.875869401342579
-13.800775515128821,-0.9168583905437576
-31.71731028551389,20.84960536388387
38.44554757516747,11.840540190439974
17.44193775391336,-31.702684933687365
19.53444483649372,23.733624501229816
-12.428959744975929,-29.76397228846795
-11.961811879305312,-15.961412757719106
29.824145954434805,6.426256788611155
-21.09544785794473,-5.662500167190709
-12.20724256657899,-0.589870349256418
6.43367396735406,-31.092336358904642
-26.3201891753884,8.64996078081797
18.97275910000732,1.0042214437989885
7.978936358112936,32.834185753585984
-1.6011047618832603,6.976799285959171
-37.932295339547416,-0.4470486563415718
-27.66901165207221,16.538447575525716
-3.9516820109738644,32.35007089703466
34.02001902869575,-30.643989927392138
13.527363011486141,37.169745325372716
22.667939715875324,-12.714808318595873
-0.07100043735297637,-12.05798557929405
-16.056193426763066,-6.40000180247943
5.623797598817159,26.045923732846777
35.10890265891585,-20.687693373316524
11.57297734869758,33.12004307325065
-8.694931008893244,28.81298389969949
-20.95458101347894,40.18444179991018
-3.708126710301699,-34.55894035626712
4.324076822636371,-29.550987558209382
17.012721415453374,-44.650026637831296
19.45208555314338,-40.041003109354314
-40.98637769118615,-12.066461785035054
-23.725050606502986,38.958305499362424
31.738363897938164,15.03679211611513
-11.438750038679528,44.94340383144093
-32.91656569070714,-0.07594224866062657
-3.717567246061937,22.02037592487312
37.31708484654588,3.9561375285446196
-28.78005007271955,38.275260135937614
17.571674335539978,-44.64870502697689
0.4958690772232293,36.07395248052588
-1.324285298530087,24.677416319005072
-37.46862037814318,2.9401286084616616
-16.6636083472536,-7.572939812658194
15.824774172886613,11.616168590430753
-33.51629941040836,0.7236578297555508
-27.039023391646797,22.61111821527529
24.10098378913066,-0.2798702362322127
8.5410197107846475,-7.0910099827168835
5.065057229727641,28.66455622794874
-12.917548186351956,36.433256734347644
-1.4689768958005387,25.253726507915097
25.69394598771965,-0.05086334077517533
-22.3988676749188,-23.779231484339697
34.310074882580075,15.07974751932829
-6.408739582972387,32.80687526555341
23.004884179812407,6.309674844282202
12.706747210144497,36.79231338554883
0.44924649669624256,-38.30266211680796
-5.5338962350237235,10.825954778960861
33.65171605142989,-30.297866228710728
22.330131272264396,14.62841948519232
40.04672571038006,14.616325576027393
1.2699279151804073,-21.412705598205328
13.703352182920757,10.46930419191301
4.4140545560861995,-2.558228241292591
-16.186289040862086,-30.299074534957033
-27.516545986098265,-8.990829133278186
32.94101589046956,-12.344676673482354
-22.410728364324346,30.038313250636712
16.50565878860295,-10.313335116063092
-24.141294270736573,4.900992248861905
35.797911132438266,8.040354393187618
3.922084662637629,17.634794949089937
34.713167348136835,9.616376068415985
23.121612960311076,-12.327629680615585
36.36784177274257,8.221417625164634
-9.977045441345439,-26.2837494155759
-13.268461705050429,15.263463733304626
22.57007550496801,-21.99276978343841
14.263244261795515,35.39395056155371
-9.861729146485466,-13.707173999994218
-25.624127887353524,8.78953979034067
-8.179888127266272,-27.709191751764703
1.9903592524729778,-27.827331399598485
33.27895936817131,-7.220991636406394
-29.794488440673778,-8.712577702983829
12.913609492163276,11.509394824324541
-11.701154171799644,32.21823984984074
35.99464494659976,-18.698303556279058
10.368096231785636,-20.646851610226943
1.9884291130421576,-20.385243825857227
-21.54780804552423,-23.755438597026295
-31.893658586520274,28.966264462682748
-7.496817626105963,-29.789086124492194
-9.430717358745834,-14.409358006446011
-15.97840784077725,34.13522147475651
2.590921889671076,18.99547743962551
28.177044562957956,9.535591955438031
8.421097347993399,-7.067074026494095
0.35234923696626064,36.942032746143774
11.661891625098878,36.64740652185741
-2.3784360139467537,14.282507523677431
-0.9675596596159034,35.65641248380175
-26.29558426906647,-7.522291850768812
-36.755513228132735,4.54258370988794
33.73194493286762,17.03062794826055
33.482537225006524,8.558848972966068
31.207912977088764,-17.78326713975897
27.16456497460078,8.058773788027793
-0.6953302578343442,23.22637770018857
21.387768426440527,-6.336083463241778
31.71523404214782,0.7005150632366323
-5.116134724104481,-24.408637283064486
28.01942664180679,-13.897754358939283
-33.56342687756329,20.700908790888363
-19.859803913113687,25.545366034808836
17.184932859061448,-43.125537379290364
-10.126718947287962,-14.640581687982609
-33.40001773966837,-0.00795117085245611
1.3311507252455874,-33.87832805938087
-15.107368043221499,-6.596628547828331
2.8321830074670595,39.790047279014765
13.467579467313232,24.62269713768167
-17.20846335690321,-23.997822654417114
37.65940353799707,4.144163804579915
31.53210540215944,8.357863669176343
-27.78580385013898,25.430029651834438
-29.720571523674447,29.658790755415076
-21.343529822584173,42.76250404537063
9.820329698605992,6.7646984660047735
-24.7638102820296,27.166088712318743
-30.941683035519524,1.281266796009726
-15.76200446138754,-10.595766791676702
23.91899709052713,7.1919845966379015
-6.774278434332254,-23.657384753746513
-3.6421300369566247,22.004145218760616
-36.631360566005505,5.018267736997321
-24.873644095911967,41.34754451612379
35.42234261989373,15.209247962345172
19.498295171090415,-27.056421075914756
3.0442063242399073,-32.24737683185987
24.830527928170493,-0.7142651613740425
-25.697966330633065,-16.77666603859099
-4.581303433551918,34.16895318205902
-29.07390389118061,4.03369435774825
4.962688391189754,0.799976268510678
-11.43027552638304,-18.032940845936
31.141177310586095,9.29046191359077
-12.841551111053663,18.206301929564134
-27.91089743723437,-15.710979755313794
35.640912125065405,2.8051706618640018
17.785640603301985,-35.891560420619136
29.38887877962176,-27.141762243862807
-8.892803055304816,21.72504503279505
-7.7248667049136905,-28.486472551623496
-32.771491842658534,27.039215572898748
2.202918143958408,14.554880348957683
2.8220376918390495,-21.490596275129718
3.0110123549705152,-11.195894351742325
29.434225444565975,4.908814240390703
-17.30776876771966,43.771296914391385
-18.216974061960062,-1.4383877923503101
13.466686751570926,-11.378841050222722
15.149194842890417,-24.247305933762618
4.964815000736674,26.59081546752757
-28.77729325038713,-18.987504839017635
35.48479832308303,-28.912442709288396
27.724070726420994,9.195063310248145
-2.9022094613477667,15.101859719972635
-19.56314596761739,32.133235772526085
12.178446966963,-40.561568304279376
3.794866782760745,-37.639283046441626
26.592999671258976,-12.183561402060567
-7.301692915512108,-0.9713873682054112
8.154864661230325,-22.910669773380118
13.877385008758356,-20.701142576438983
-3.597474185350526,-16.0883674237653
6.491891786585261,-36.58600610392178
-30.01882075617673,0.5202134856188081
13.520609472021805,-1.5317987976035192
12.99858770105887,-0.8302337634346019
14.548359661434276,-25.008805862501635
-26.393211357734398,1.854499601420331
13.844470929256495,24.09855246545551
15.826386471932738,-22.702970100256326
14.135587605850173,10.530476459653592
18.165611388951532,-4.65367270412479
-42.50190132786309,-3.0652227783963766
-32.64599091049118,1.2383607175359974
-37.7762444759466,4.830601909449166
-18.951095245862465,-20.43851675469658
-22.049288131758974,39.72767290100448
0.7087521210952636,39.49029349944324
3.0911482357566276,-4.09177446264268
13.953939535707544,18.250915527479687
-24.937925588315302,16.14922712196813
11.264182594077948,-19.45097667559969
-33.651901012728736,19.69830519915783
-3.582616229450953,34.082814186608374
-9.521646010953146,-5.890620698955259
10.97143019626967,-20.77640047253461
9.458655655444675,-6.9161947366771415
-31.012144755498984,22.290418499640143
-0.21299654094408177,-1.3614305485729752
-39.29946202653492,-2.89955849565777
21.956790777466342,-0.7414510392705053
-24.902096717631032,9.054604297016168
-2.876082890729327,-5.421765754043973
15.366386430243193,21.371177849447736
8.47287172774776,10.465131145436539
6.775150079443859,11.226177430429125
31.077667139703138,1.0997937961167528
-2.368796703641895,15.175723948121963
36.35963222727583,-22.526972213092762
29.66104929876093,6.532207854252371
-0.4854444564269896,23.165849443939138
23.10829013202346,14.832880752762433
11.165664492611855,-41.26493685429105
29.2304996214427,9.657785868561543
-23.227357346688766,-23.536170523175706
5.393088195030509,-1.8812233453759872
-37.760926974765994,-12.350105391840144
-18.57753912268558,25.618463988517647
-2.497166896634496,-32.14398612092879
-11.171376559614885,-7.753898607311144
18.95068648514815,3.67509704864371
9.8629402745438135,33.913976922023004
16.658107306749017,14.45493879148482
-8.605533860820842,-15.163776328308218
24.166146012979112,-0.34654848111292946
10.546020748405496,32.673561427761136
21.379496147784096,-14.385185758837197
12.884078066531396,35.270103056186535
1.7627125326834272,13.851844415256709
8.432840608834614,18.892202474169473
13.176791658386739,-0.7514685525791692
-19.499817931632474,25.20467907418551
13.51066620562272,34.627975953900545
-2.842122321289055,-36.123975871497656
19.960226162414042,12.523265889742136
-36.956261533944286,-0.7510392951291496
36.134994487814495,-4.673202089660085
7.959138338290821,8.971316333782987
-9.589837151612278,-5.776718501310983
-32.40931868125703,-15.314260232076858
14.220836530026073,10.54562242184833
17.081211132275097,-45.0589270136509
-41.22345336672072,-5.19963784406622
-22.649958624082075,38.36516098244729
-18.569325443226766,-9.428544171672579
29.682117394195238,8.301734165603708
-8.145922737571976,-14.172154601710991
35.63396852858622,-19.493673015924173
22.85781422130963,7.32652264582367
-16.871377009907516,25.89669799156937
9.806440133981706,6.633396958148353
7.828664850298808,-16.096451582957766
-13.056916607389223,-29.71334056082846
16.03242037274468,21.30338025265081
28.751256500982294,-29.82489900631998
27.28557402031361,-14.47415044661476
-26.362779769340246,26.660382597985585
12.768874682750496,11.400355952100426
12.76425841631736,-2.545549313903504
5.06241161064261,37.07971888198679
31.69505727592869,-9.52296810200739
-38.3102769257925,-2.546595454252364
14.995716549089158,-27.56691610689689
29.417111571695727,-26.922561470094394
33.059884863037524,-16.60958704742499
-11.509412833069574,-7.535744670029907
-30.863017401651582,-14.521058093137492
-0.3225112791065318,39.63254455130121
16.890766215404014,18.87270105059961
-4.113995961473189,-13.72839759426883
-16.30983987570677,-22.723170628074758
-3.644913091597045,-38.21820639347727
21.495986422589912,22.667987041318586
22.591186465403947,-13.115446058147757
1.655892961118102,7.183834896113628
20.61514324850833,12.992937212183906
7.95170870316068,-7.154140279297278
21.82073164066219,5.001881597955079
-6.399110778725513,-34.932188287531545
-40.061796668276365,-3.7566827535384095
-31.026235277355966,-14.556247447051362
7.783262786711577,-0.4938991170782108
17.859298158357092,-41.98928316711499
-11.29013116082941,-27.96948021157681
-36.22477043673281,-12.246898072707163
23.576759233288534,7.18573208893911
14.171242327911251,21.699450416545222
28.839029072468296,-20.502372786979926
4.143967925206153,27.919853001892918
10.2855583517612,-20.5533624400824
22.315638325968195,-22.124301223192965
18.44698181170395,-35.084547211567134
-23.00340932742685,3.7469138119751255
1.7111403707612394,14.616805506205598
5.954266775742569,-16.60335810187106
-7.969719457040314,10.625398419842218
32.50969527918449,9.253588136391313
21.23046261749813,22.693202744200867
-29.203005702968195,-13.014725160987606
13.787919582641864,-11.24094707958573
39.736556025547046,15.615857634055414
30.0865930807409,0.4334519886314013
2.830709375296978,-31.752673066684657
22.01769498054106,-23.936897681748945
-38.12601399151464,3.7059298212675102
-4.426256536647906,24.97907782225057
-5.893031933908894,34.66695397303839
-38.91644663954982,-11.239560511213622
-3.7864525573295063,-12.314193662368462
-32.697790136034136,1.181821790367734
-30.07330272228088,28.95150161753966
11.535703918044934,6.5290973208124505
-40.81004748518252,-11.215952744789915
35.5493919844659,-5.094532817614534
23.39869034605068,-27.565886059231193
11.515660211583498,-4.73492194558316
5.254601288856906,-30.628494061812443
-26.549132485806535,8.393548063156185
9.805384036147956,5.510472560420848
33.94117186425584,-30.857715340184267
7.351016658018385,7.122676128344955
36.26167740118846,9.801936485498338
8.397393010430758,-36.44290132163673
-2.2881289521882424,25.262511940891944
32.82386428348609,-17.039196688729394
16.88005540552915,-4.603842845083813
11.762371988155557,20.822045618320864
25.338039739037114,-35.22581042455004
-25.863581069327765,2.3882134850742722
-24.493068174798143,37.90153323933459
-38.087450730214215,-4.15492859961157
27.25836857474032,-15.067033645721065
32.15877495541437,-21.04601159454494
26.40321853539168,-18.61387751077263
-36.95846611539312,-11.958707025458374
1.3654532307452238,-14.138355275296165
-28.24983960516223,16.27551461742394
16.043886536645026,-18.82701458978602
33.752827200865475,1.8265955376557288
2.9813320181346423,-32.42419548606012
-29.023927448795718,28.915969865808165
-19.287969500836176,28.33136060385748
-21.345948716176487,-23.34675221562481
-9.81901738111955,-26.471639736332698
-16.285237073911375,-22.730254295843977
23.239581374443148,13.33890196470416
6.022703994704131,27.424611717224046
32.17743211070782,-8.241781022209528
-13.896397356324597,-19.439849195057235
4.256524181053275,-30.866577991733635
-6.072821248926908,34.337079143299704
12.913497057851725,34.175811015058926
-31.65496197268164,1.0365602127127198
6.059209467196983,-26.459678963375737
-12.420687731826286,-13.009740456841797
-13.34087935755915,-29.28095286150928
4.4253077456477845,-38.830353995041676
-12.512789741625651,44.62450333965666
3.6217271632351347,-10.575161255355377
21.957685548145577,-37.613192583155445
1.2737774902123853,-14.50301892623195
-3.771958198384334,-16.510172546759147
16.748978137336653,-19.683107261943682
8.8713858226544815,28.776247395428406
-7.908669145659018,-4.408619023888762
-5.069737093986788,37.006765541324484
32.38371466724185,-2.323032049610835
0.8871502081956895,-21.553854099227667
-12.284030338712663,30.70274179401164
26.22500756743622,-33.02310595136509
16.664187110439947,14.449053737679307
-26.014250926643882,41.46400919453057
-2.314627755904114,25.749972939573535
12.46808572701505,21.444626998885408
-14.24450425441065,-18.10543112026054
4.348369453555667,-37.878368537288985
-11.717491864631553,20.081337080563756
-15.92472477667342,23.884812911840584
-6.076565311892316,-10.619872093780012
38.989494733002445,12.136745121225985
-29.090132122257295,-13.583038633109322
16.228430620178315,-21.342132804860555
35.76696225256203,7.794631652565733
4.732319635386716,-28.70304168902249
-11.069630925238126,-28.41348466114972
29.478909110583192,0.08808269191462897
-1.072689696542912,22.98942696001858
-11.460684894209198,-20.44245752853634
10.43946531132676,-20.261512687372665
-5.231215795019089,20.819280450174613
12.5314156766882,11.569095974768194
-15.273127624547092,-22.265506573667246
14.712816209035898,22.82433656864939
23.264981804677877,-35.201022697157775
5.470683969087523,16.537985888307514
-24.84446396220946,5.401428849117052
18.190327914869787,-35.432266246492844
31.032768206830756,14.974437558707976
-28.923353193613192,1.415109450810483
5.866604863939252,-16.62409156330717
30.29576869263023,-27.951033346381532
-28.90049673321336,1.180342920954169
-30.715188603667414,1.0309503579739487
-25.668887866873668,40.730533439534284
1.9233964477797705,-33.45357416614543
9.42658161611734,6.687043465240598
37.18610798706729,8.460184428140773
-8.285301610335377,10.686058199732807
-22.72366047090248,39.96856145807191
17.867085602324863,-32.065973278476704
6.669956145069087,-37.52954874378691
21.44032835437221,24.270325484027687
-20.974054572304528,6.448073270865912
36.19584017105517,10.156993773527894
-7.012456838251922,-29.368157907425765
-22.999560706645386,-14.47011400143721
6.314273118375914,37.07543312935029
-1.645926259435425,7.5315461586020955
4.728203510304459,-28.520052748370603
-13.375272290159783,36.337186564474756
34.847685893431574,15.854914585066387
31.77927832642668,-32.46386752781923
33.2719286192344,-32.12729506218109
-38.308181751056814,-12.399629860238543
-7.113198367922981,-14.658919964312144
-22.159477662218045,42.48547973727827
-32.470519448873915,20.51568448150407
-41.16380457280099,-4.380757397740615
-5.429024813280232,12.794820946406624
4.844659621363838,-31.055943456890844
10.227271392195007,32.39161824529794
31.89396479206867,-32.65822612752947
-13.557545963140127,-9.794615292913344
-17.262131687107015,-23.293442775195018
32.65541692015416,-21.566742773758754
-35.939915481251205,-1.3080493100952286
32.58903949431575,-7.297286020687499
-0.3235047948407887,6.783145987134419
-0.10576718405086256,7.524354382523348
-14.19802450562052,-20.514383340595124
0.5636349866376072,-2.858229097171098
26.350561583921294,-11.992814854198246
-0.9920386857005317,25.901036470220568
17.022839984323053,3.043459479566057
2.476729414191473,-19.801423277213512
-7.769684932892817,9.98743685887912
19.03379034629607,23.65679198783288
26.754393971555288,-32.32538842192528
-27.429588428477054,-23.026221742171796
-20.59849359031919,31.15290655815494
-30.590852043112676,21.76308109926359
13.136828763368012,35.67440146444154
-4.436137502884286,-9.353862020985886
0.6354510191918464,-23.550396844612806
-17.277985608818632,24.281420274421595
7.150964672622202,-1.1319668206908764
11.505892057637807,-7.3055214982374155
7.1324419385158935,6.54188770726767
16.53037851312967,-18.31097445615769
-24.989867832695296,4.084993654358925
-9.222878334164628,28.449876755702856
-15.419901212281083,-5.593351327193168
-26.75196703109363,23.21016691637016
22.848980723135764,6.2081012133235465
-12.065919050002272,30.986571582195612
37.27704872935607,11.275599054726339
-17.43892629438143,-30.748529129194875
-6.576413824964636,36.89119070753451
36.04440271061532,9.473273076504654
27.82332507752755,8.171666117575374
35.60562154344489,-19.723444872675792
-31.859352645920872,6.380914953021129
-20.346761466356952,31.465780099060076
10.895080888601003,30.52137403453467
-12.095529586242257,-30.149352253267573
-21.418511172113416,30.92722504675703
32.861934482836105,-12.681668516139549
20.2788070943881,11.565277151139345
-7.956267567488123,10.325421413484818
15.372012962008004,-24.63633827591192
1.9890409915202911,-21.05862481201465
-22.334344522900835,38.46920597916892
12.629593718375046,34.89231352547981
13.782996418628874,23.916954998943478
-32.21729300183667,15.110274929141505
14.223750434007512,17.2409220595478
3.1745727227295117,-20.953149739528257
15.199260821452329,-19.046636183934822
-30.28444706789077,-10.51631052918479
-5.898141502268456,-15.055232946849387
17.419971385808047,-5.417098028871054
40.369513422303896,12.834621791847534
-25.02633496888063,37.65047600141466
-14.39160980259509,-30.777133697706393
1.1578923610886518,-9.091978709651633
8.111832830255352,28.7305078235625
26.128824194726832,-32.2722474709149
2.2688773503725934,-20.02462170632054
33.75795699788398,-24.21691214503043
17.835684891207574,-36.26330474810095
-4.469720360466006,-14.834658974799611
21.307250526088502,13.084487488205074
35.87134248160848,-4.876121545410835
6.2513432933289454,-28.527691178967512
17.57909518307267,-31.54940263031038
-37.66912968219977,2.7979294973220012
-3.1244581717170994,-0.4329103357039751
35.52035857994204,-28.67383592596289
-6.184100022507044,-34.26572782009961
-10.333817057775693,17.80252978183423
10.601692594733544,-4.876870648205369
1.3174066634925672,-15.812263833289437
-7.32720807725185,37.56721470889349
0.2871985692806828,8.10015925592095
-26.04943864864965,16.25436685592709
13.339592016921571,-39.99552543395976
-42.36566496600914,-3.265233998417571
35.73891929723414,-28.153636876404764
-18.87749891312952,5.364100155945675
14.984391868237159,-23.711256747760988
-29.36518078114607,16.046889889159726
-19.09359771583183,-20.372819160648167
6.201482704793083,27.140493424360066
5.33064969207019,-37.550163519183734
2.4691814841655946,7.769404765317488
-10.131839066581454,-4.569142548428263
36.484441662390324,-21.335803061926704
-36.54948917162139,4.804223542441754
-9.195467450009307,10.102700856756362
-20.29280980570728,-0.3670854391806891
21.52411773825611,-22.52144692221952
-14.992886756175087,24.234019246171872
21.53176376890599,-6.288561114440637
-8.981400447208928,18.13637615978352
11.474646715763916,-7.338852139442334
18.839841309473396,-5.78753186396095
-3.58966785046696,-4.471162384027717
14.026695577227342,21.696017179361576
-37.92040405477445,3.5053731616930635
1.178683719694984,35.79101039046057
-6.557650895825574,-38.043875164380154
-14.500624401681543,44.77123255108099
24.06569322598079,-11.576690144316863
-4.254547626249564,30.644404066741554
-26.359365705754914,41.043860578673595
-18.070106188543683,41.7267503020465
-14.01840570714035,43.75807850035061
21.84486951190082,-0.6693320916734268
-30.975778010241203,21.011510446090032
6.531067768537629,11.251424168271093
21.6138878683715,12.638892361755767
1.4580838362086248,14.480427103615932
4.893869116255005,-2.321452143242314
-19.1940413062806,-8.018774294258272
25.377266306210334,7.491400724471206
35.5031445688277,9.929590180188624
32.32191823577669,1.0686227046898489
34.974317645909736,-20.96946189783044
-9.997136194047023,-15.960872342322835
34.625932638407235,-25.638626035615957
8.110808611260579,-36.48070520059184
19.444517025092615,-40.78152009852822
32.43628125840128,-11.71495074590727
16.351420105601168,-28.035612612120612
-16.264875832419584,25.656163174930334
-38.268360764475105,-0.8129256186337311
-2.8974159315226333,33.30430697131386
-23.893724187120768,-16.249448620426655
6.43677108942293,-37.70703260119398
2.8886666556329357,7.354091857282975
17.837036223641135,-24.813702863162256
5.71810142865115,0.909049253749279
3.7132677660148854,-37.798580737456135
6.774872143421935,7.2990112804819445
-23.96610879297168,8.623144325364986
-41.791955992563786,-6.7386467580385
-18.605790791433733,33.24146039178277
-23.06675349304868,-12.06568026724347
-38.153199255895196,-12.11984192900673
1.4434254677459553,15.071145403564154
-25.796851670172703,16.455474958303473
-30.431975801495533,-18.65768223482497
-4.255335954429994,32.34426252153677
-5.649599192811746,35.25246465072109
20.527019476997125,-23.553464030627893
4.673003619576648,37.10558261439996
27.341585146569514,-31.992547002980288
12.24314659831887,36.658660246654435
-2.385202265810373,-32.44338111683049
15.487718908486505,11.495692801741052
-1.589525857466506,25.376726081912707
-9.814562370327247,-5.189797529364984
19.447194405778895,-27.006858993205952
4.855175213992159,-38.80657866990332
-25.510492032291715,-16.20434052650636
-6.102798180841681,-18.001485140003684
32.04686376886199,-7.16083424566788
-36.604616252154536,-12.196441297259579
19.791774008952753,24.57118316995398
-11.560815008788223,-20.55784499065289
-23.168842398781482,15.594582949641335
-17.731151242128526,21.818908168484427
19.181416177145284,-29.550373870199916
-6.558091497469375,-34.942049044340536
-21.852935619871204,5.7791228023790335
34.597479061366,-29.975091958257387
32.80109216379491,-16.814170612618362
15.236820399602253,-21.50594680077475
-5.615383909864364,10.5056280341741
-15.98587093400863,-30.948584562185086
35.100201730641096,-16.92928430109692
-32.71873195116878,27.411062666936427
-24.580857082283067,5.490687788729
9.001858845084758,6.854193338149929
-3.6383590605423377,-4.508878264402232
33.891924294601665,1.3925094848067219
-26.432756376486836,37.194727139867275
-27.03448119400849,16.83528299897293
-29.33636666348229,29.69109411549625
2.283844626720845,-32.472794105625006
6.459345175830588,30.304948768198106
-5.402322591433229,10.47382082628997
5.769670355698266,16.274464974964037
-27.467052681789905,8.344550272273239
-12.690064381727403,-19.713477439225148
5.9129549440893685,15.80822343900685
-25.066002486183404,25.709910177761113
-3.209960518842986,34.29743794673713
-3.474966034855673,35.52166992518356
-25.757658131483236,-19.417887931211553
6.724166111042064,-16.215087952225446
-28.087146844823327,8.060788463749436
-33.693716763248155,20.271201201097398
-22.95421656233576,-7.06674710100191
-8.949758374783272,10.728943798014132
-8.746146804883518,-14.690111610863138
-8.981774899738355,-4.560768195292444
-23.684527607279545,-15.027154946582078
-0.16720323446106855,-14.377731992612713
-27.684912590805013,-17.455027278389743
-23.804862335458434,16.11700947518208
0.9703689382823022,35.591288955206544
-7.87200254295227,9.853714146554976
-0.1750940749873185,26.534923145105726
-27.284223881010544,-8.740746318671277
16.499270956567933,-5.052117159045108
-23.53020392954573,2.6937450454494463
10.553949126067575,36.604132683161005
18.08362091737973,-5.55165521044233
7.555475062189491,-7.755175383957822
14.868954324904895,17.91852707468741
-36.38665748023068,-1.5283634520251779
6.392284662643173,-37.279744051232456
-15.199649838588796,34.66447305053372
-28.197851806966785,28.314063860747503
32.832455208399395,16.919686113406133
23.709511202280954,-11.556703055133362
-7.063549020189262,37.403025422616814
-40.455720273454915,-11.343632552073917
-13.04877162155826,44.419387797434744
8.427590367060654,10.602328487386073
19.014579887976275,-29.413908123705156
-31.943228546335817,15.039821805535741
-12.481101513634155,-12.97839205158901
-2.1477571568426117,25.715037059140904
-31.002979056140653,-18.02866944722621
15.715177396599493,-40.814517274102464
13.921537858384477,-40.5332564670006
-13.887503250809429,36.332934753443446
-10.49564019007088,-5.04900249523935
-12.504989685807738,-8.857827641021895
26.718903116440682,-34.300790611997236
24.691355180469138,-35.853513126803975
-16.05412007798099,-22.380792518534737
32.68446844317389,16.016356509943137
-18.6472096986488,32.63490223187418
0.5305920254450843,-28.95859765438474
-34.854521138658356,-11.496999221252192
28.948513122860366,-0.3228924932215766
-31.405873740213735,-13.184826108170004
6.373585454351692,36.99012431730952
-17.325958220243812,25.40875162462662
18.2624582775318,-32.09529448056142
7.308522206866921,7.426427960380023
-8.871874703919175,18.16057196500807
-18.938058646834072,32.436835489078085
-9.755023753039671,-13.449270392169911
-5.675995814524261,-10.933627260385311
37.66217979280451,17.058033896554313
-7.290883320615027,-28.916240913856132
38.31276659293204,15.465672239950287
1.4208398808792913,14.689020584163703
33.32899310487265,-2.5122595646270516
-20.489081723923615,25.00244241084569
4.912161380961956,-28.48896934763416
-22.87950159657612,5.124338504285415
-19.084524999274763,6.338940411717385
-27.620015635250713,39.25034941447209
9.280629960913343,31.21306698477135
-8.047147782243883,10.575131601604307
20.780469712350662,26.639180537446066
-39.77393631806689,-4.088492576642504
-29.286674597980188,-12.321738380312837
-27.914956470846445,8.263404204281912
-18.55688610366595,26.528862622819762
8.289849807421543,-6.265994539369557
-12.136222668550268,16.609927915209187
-14.8092675691423,16.415682740794438
-22.065144473067743,5.649082672764739
29.290729613648693,-28.535742258985653
-2.4875133298880665,14.787380559237175
9.513856436376525,7.160704472286463
-3.4686635660475313,-0.531396191377137
-15.741154675731915,24.700089172633657
4.9407025050442,0.835493255701403
-9.228533443321906,20.773267133843454
-21.09770962249044,-23.74251675758755
-12.048595895674058,34.993144278610856
-38.78542473265788,-11.251950157618694
-4.0339188124718035,-16.880490668585907
-15.108402308025273,-31.30226537947683
3.401403488132999,-9.323463776421304
37.83360323163309,7.426793415601504
-16.500130739112592,20.978165960750793
-16.179427645228305,33.79236897547136
-25.262810878194696,37.40829039838416
20.33290965351496,22.910165523935976
-16.26518522341997,-6.2198845434955885
-4.401631009435817,-9.725425682543941
-11.09115301240074,17.957023385813027
26.691641274696234,7.326274899012357
28.508749163618084,8.095035832157073
-11.960738760914435,34.95802429470907
-16.24217488269397,32.51965686007913
-39.5419899319227,-11.950304933548406
-20.2911237964054,-23.07546917108282
-32.85508575079374,-14.988459475637884
15.85589044441206,-21.504758931679326
5.767147233888455,-17.184735281599455
22.63095764866479,7.188520243729009
0.2839194495880787,35.318210489049456
-17.037418274531113,21.753294575036314
20.38173237216819,22.79547862506361
-20.71094343551346,-23.073001943664966
35.4523048987108,-17.05073326495258
-31.92052272348422,28.913085976561746
33.02332277916801,2.104435220517987
19.284776434579527,3.099158441323551
-4.051031620344302,-15.779824323700495
12.850963675239171,-41.34994818093572
18.252020538968257,-41.7421988522979
5.206251564864957,16.32208834216169
4.597905901478339,-38.16332710368387
17.776176691135294,-42.70400484360051
-6.136977018485894,-37.08188405605311
-20.95262508787439,31.082663045285905
6.103742822719359,28.9695065516664
-42.317172100625626,-10.66703448217091
5.209201651063208,-30.497611360788323
-18.252947616101352,-7.995497680014013
6.728772823247634,-1.3591048418703293
37.05077909152813,3.7517874819651196
-42.15537570027561,-2.4389875513683497
-18.185358080763994,-8.516111115446272
16.76474879843997,18.151516238072094
-31.809971483780313,0.02703768305644197
18.420322835289902,1.4790286717276269
8.230751733650312,-22.78871080906516
27.089315017329394,-12.931456850037335
-39.57339593334578,-2.965991761166497
28.59729060498083,-21.300534447351524
-32.297071845640495,28.405210741738294
4.9714764396816395,25.018282822959737
-15.518949804296424,43.09735656491128
-15.830459064993704,44.288335396862585
-29.886587169884358,21.753360079939235
34.40538981620593,-29.888603301778307
-4.571858307777134,30.785745441279015
21.492247142511875,4.739883766539208
-38.13149410874368,-3.704437887326869
37.675914296123885,17.179644153593323
-8.565797312287343,-14.72090503714128
7.661167120902409,31.857543271110845
-25.06319098117038,16.947365970659327
-2.670676039996391,-23.882956987318302
-32.46452955172598,-14.901402906780127
-28.253091703384268,38.73677318416677
-3.7957482225400443,-34.65049283166648
9.743545691557713,-21.20525411618426
-16.67174377466363,26.30305037488079
-15.66323249901383,35.158630137489574
-29.859153990964334,1.6967661981261892
-26.09519393588909,39.63756276112263
17.09858391821193,3.079348347976868
20.124327587997243,10.697676230614709
-11.338668345269635,-0.29582124539564736
9.004318644135305,9.98887981967409
6.313627325046729,-25.955148793579237
31.649795819843,-17.72127323165106
-28.883085934158647,-7.607502643564622
10.962675437504346,-4.79747551958578
-27.683381683294673,15.870812026270732
-16.93006490526875,24.10268954305785
8.990800535769273,18.72506713548902
7.562477237918063,10.544805475016009
30.209241507603156,-23.36496745846506
-32.22430828170396,-10.315468445408085
1.7749773283664232,13.39786454408248
38.641027078707765,11.92589797558184
-21.11419278760325,-5.5989655267535285
-26.884425093872714,27.267983081058063
-3.584694626578686,22.927019562801725
32.55127144454647,1.0439149675438093
13.684936717868608,-11.184738182380395
3.116681015021851,18.507109808234738
16.336867742975897,-5.324791879416771
19.649238607326705,22.985583953973375
-15.186716893730688,-6.637835385703026
23.32468999191641,17.973974494619046
-5.624569762310639,-24.565953544358738
11.02546320928739,12.079753771998778
-8.964975187394238,-26.699961802896116
2.9732374019509313,20.29539990777949
8.197213264692028,6.6235885489277235
31.903070039501895,17.198895477309566
29.32250358229896,-19.837164128127586
30.473568924534597,6.528932553309035
14.666761395671259,-10.897588571207907
5.532913480816062,-37.513946162701444
26.412066100099363,-0.36902963171142095
-15.672138658815092,42.98840128557748
3.5711601741658843,20.589204182916298
-13.398570140050687,-30.412584529763233
-38.76995386440801,-2.442922813333859
-16.72874215186393,42.18773555134437
-2.927222336504581,-32.9087886475402
22.56905693970767,-21.85697287706126
-6.228092474327888,-34.377427634859984
29.46695567909564,-13.897819861163331
-16.639455322382382,44.390449594696065
17.16503079311472,-44.45479324319821
-31.03935771880008,-12.651080873846528
3.653308086547372,13.024210819226571
11.50475966218138,12.118418151361656
-20.104736259419433,-0.2869816267485596
-36.053698172624344,16.859924765859688
14.532491770212266,-20.05183426043661
4.440129896040041,25.14466266681006
-41.54088236536991,-13.066091870510816
11.278350119627092,30.80193847958578
-33.85438525928974,19.347982743304247
-6.938629272105838,-13.370854925154703
18.371378284813932,22.8187077342161
9.399326275452246,33.96222277338119
32.79153774499965,-2.491461585949745
32.64501403906598,8.820760543691007
-3.7168366858780244,30.29219299872036
-0.32625687253707575,-1.0991099026974505
21.421862217775374,-29.41644683369635
15.244103058342555,-27.622010470077985
-8.944196784748069,-0.6788242185015264
34.58669294430628,-25.313411318681503
16.708618826398663,-45.23673217678655
-11.637190295434198,-19.73679469474326
19.19052976887094,-41.846375834667874
29.624244474806805,-20.2893458308917
-24.40779147935528,16.621046213582538
16.935929562644848,-10.514630111385872
-18.266568415038336,-0.8729660104282685
7.545712628358232,10.956086988369101
-23.038305833523342,42.056333617477456
-30.968627535320167,6.8178496939309765
29.220448078977626,-21.66595443415928
13.752183694162209,-40.15350122073587
11.871092336377092,-0.336221604003181
-37.426380017838426,-2.5219395881156355
-6.202607884019185,-35.324642125864905
-31.505431735598627,-13.5561926589405
-6.696106731776179,-11.174523369102989
21.96371331548813,-24.119634247165624
-2.8430492183678395,14.512959634933175
-23.640987577901573,41.67760660849578
-32.85562557962566,26.745079286093922
31.254184782917083,-17.637307230819314
-2.312636045593552,7.118662829670599
23.242364063572584,-28.117884831034928
-29.48928337359991,21.92242311055279
1.6253806885105295,-15.573335879239782
-31.878760477147598,21.953771584889548
12.233540063227661,-20.205866164159843
2.8580090836880676,-11.785251141824372
31.352088522085342,-17.80772668427858
18.752057111234326,-34.746383287149044
-30.784615966761066,-18.44861397185505
5.16601434398043,25.823145572913056
-4.262028348664018,-9.236804959126504
-3.0811398512024226,-38.44581168785606
-26.132058836661777,-17.229874160462685
15.900507175945615,-22.12248154145368
-12.95453756988749,15.46148755745457
31.67535637389464,-21.857514410205603
10.321513723617533,6.132943517505401
0.2178644999266867,0.6971290072997557
7.677540300966883,-15.454260454886622
18.704126127585493,-4.074065557765452
-12.1516793858016,33.11559265983693
0.07179449075081248,33.692638323048314
-1.0300708290467788,26.01160829241062
16.79704425786546,18.71822727990811
-28.823612620051502,38.223196479488216
3.117212970039008,20.69615511046917
-33.288283436978865,5.676988876286474
6.32029525322589,-1.527732596185682
-8.633049050354728,-4.4298591742159
-3.828691015268848,-12.210390837664507
-14.073116572934898,15.729216072351718
-36.927684303550464,-2.258243441993801
-15.471670478705814,34.81802883056866
